{"cameraMode":{"drawMode":0,"name":"Shaded","section":"Shading Mode"},"sceneLighting":false,"audioPlay":false,"sceneViewState":{"m_AlwaysRefresh":false,"showFog":true,"showSkybox":false,"showFlares":true,"showImageEffects":true,"showParticleSystems":true,"showVisualEffectGraphs":true,"m_FxEnabled":true},"in2DMode":false,"pivot":{"x":-1.2589999437332154,"y":1.5159907341003419,"z":0.7743239402770996},"rotation":{"x":-0.035389989614486697,"y":-0.9566123485565186,"z":0.13139434158802033,"w":-0.2576500475406647},"size":0.1767766922712326,"orthographic":true}