{"cameraMode":{"drawMode":0,"name":"Shaded","section":"Shading Mode"},"sceneLighting":true,"audioPlay":false,"sceneViewState":{"m_AlwaysRefresh":false,"showFog":true,"showSkybox":true,"showFlares":true,"showImageEffects":true,"showParticleSystems":true,"showVisualEffectGraphs":true,"m_FxEnabled":true},"in2DMode":false,"pivot":{"x":-5.333000183105469,"y":0.9999999403953552,"z":6.072000026702881},"rotation":{"x":0.3850646913051605,"y":-0.022145945578813554,"z":0.009243411011993885,"w":0.9225773811340332},"size":2.8345165252685549,"orthographic":true}