{"cameraMode":{"drawMode":0,"name":"Shaded","section":"Shading Mode"},"sceneLighting":true,"audioPlay":false,"sceneViewState":{"m_AlwaysRefresh":false,"showFog":true,"showSkybox":true,"showFlares":true,"showImageEffects":true,"showParticleSystems":true,"showVisualEffectGraphs":true,"m_FxEnabled":true},"in2DMode":false,"pivot":{"x":0.47507092356681826,"y":1.0947277545928956,"z":0.7324965596199036},"rotation":{"x":0.1905641406774521,"y":0.38197746872901919,"z":-0.08081679046154022,"w":0.9006931781768799},"size":13.480289459228516,"orthographic":true}