{"cameraMode":{"drawMode":0,"name":"Shaded","section":"Shading Mode"},"sceneLighting":true,"audioPlay":false,"sceneViewState":{"m_AlwaysRefresh":false,"showFog":true,"showSkybox":true,"showFlares":true,"showImageEffects":true,"showParticleSystems":true,"showVisualEffectGraphs":true,"m_FxEnabled":true},"in2DMode":false,"pivot":{"x":0.36837294697761538,"y":1.2115800380706788,"z":1.2220051288604737},"rotation":{"x":0.08209467679262161,"y":-0.7511214017868042,"z":0.09514535218477249,"w":0.6480935215950012},"size":1.0312612056732178,"orthographic":true}