{"cameraMode":{"drawMode":0,"name":"Shaded","section":"Shading Mode"},"sceneLighting":true,"audioPlay":false,"sceneViewState":{"m_AlwaysRefresh":false,"showFog":true,"showSkybox":true,"showFlares":true,"showImageEffects":true,"showParticleSystems":true,"showVisualEffectGraphs":true,"m_FxEnabled":true},"in2DMode":false,"pivot":{"x":-0.235897958278656,"y":1.6010669469833375,"z":-0.2149505615234375},"rotation":{"x":0.028104392811655999,"y":-0.9146845936775208,"z":0.06459230929613114,"w":0.39798325300216677},"size":2.4033188819885256,"orthographic":true}