{"cameraMode":{"drawMode":0,"name":"Shaded","section":"Shading Mode"},"sceneLighting":false,"audioPlay":false,"sceneViewState":{"m_AlwaysRefresh":false,"showFog":true,"showSkybox":false,"showFlares":true,"showImageEffects":true,"showParticleSystems":true,"showVisualEffectGraphs":true,"m_FxEnabled":true},"in2DMode":false,"pivot":{"x":-0.9444776773452759,"y":0.5313111543655396,"z":-0.9203917980194092},"rotation":{"x":0.04280966892838478,"y":-0.9558643102645874,"z":0.17868340015411378,"w":0.22927351295948029},"size":1.7234266996383668,"orthographic":false}